﻿<?xml version="1.0"?>
<ENPSObject>
	<ENPSTitle>BALIKPAPAN VJ LANAL BUKA PUASA BERSAMA ANAK YATIM </ENPSTitle>
	<ENPSText>BALIKPAPAN VJ LANAL BUKA PUASA BERSAMA ANAK YATIM PIATU  ~C13~~C10~~C13~~C10~ ~C13~~C10~            ~C13~~C10~    ([&lt;mos&gt;&lt;itemID&gt;2&lt;/itemID&gt;&lt;objID&gt;5183&lt;/objID&gt;&lt;mosID&gt;&lt;/mosID&gt;&lt;mosAbstract&gt;BALIKPAPAN VJ LANAL BUKA PUASA BERSAMA ANAK YATIM PIATU   : 5183&lt;/mosAbstract&gt;&lt;objSlug&gt;BALIKPAPAN VJ LANAL BUKA PUASA BERSAMA ANAK YATIM PIATU   : 5183&lt;/objSlug&gt;&lt;itemSlug&gt;BALIKPAPAN VJ LANAL BUKA PUASA BERSAMA ANAK YATIM PIATU   : 5183&lt;/itemSlug&gt;&lt;objDur&gt;10050&lt;/objDur&gt;&lt;objTB&gt;50&lt;/objTB&gt;&lt;objPaths&gt;&lt;objProxyPath techDescription='thumb'&gt;https://asset.kgnewsroom.com/video/pos/2019/05/10/f0001983-c365-402b-aace-ba2affb957a4_mp4.jpg&lt;/objProxyPath&gt;&lt;objPath techDescription='codec:mpeg4'&gt;https://asset.kgnewsroom.com/video/ori/2019/05/10/f0001983-c365-402b-aace-ba2affb957a4.mp4&lt;/objPath&gt;&lt;objProxyPath techDescription='codec:h264'&gt;https://asset.kgnewsroom.com/video/lor/2019/05/10/f0001983-c365-402b-aace-ba2affb957a4_mp4.mp4&lt;/objProxyPath&gt;&lt;/objPaths&gt;&lt;/mos&gt;])~C13~~C10~([&lt;mos&gt;&lt;itemID&gt;2&lt;/itemID&gt;&lt;objID&gt;5183&lt;/objID&gt;&lt;mosID&gt;&lt;/mosID&gt;&lt;mosAbstract&gt;BALIKPAPAN VJ LANAL BUKA PUASA BERSAMA ANAK YATIM PIATU   : 5183&lt;/mosAbstract&gt;&lt;objSlug&gt;BALIKPAPAN VJ LANAL BUKA PUASA BERSAMA ANAK YATIM PIATU   : 5183&lt;/objSlug&gt;&lt;itemSlug&gt;BALIKPAPAN VJ LANAL BUKA PUASA BERSAMA ANAK YATIM PIATU   : 5183&lt;/itemSlug&gt;&lt;objDur&gt;10050&lt;/objDur&gt;&lt;objTB&gt;50&lt;/objTB&gt;&lt;objPaths&gt;&lt;objProxyPath techDescription='thumb'&gt;https://asset.kgnewsroom.com/photo/pre/2019/05/10/a2e867ab-440d-43ce-94d4-2411791f5361_jpg.jpg&lt;/objProxyPath&gt;&lt;objPath techDescription='codec:mpeg4'&gt;https://asset.kgnewsroom.com/photo/pre/2019/05/10/a2e867ab-440d-43ce-94d4-2411791f5361_jpg.jpg&lt;/objPath&gt;&lt;objProxyPath techDescription='codec:h264'&gt;https://asset.kgnewsroom.com/photo/pre/2019/05/10/a2e867ab-440d-43ce-94d4-2411791f5361_jpg.jpg&lt;/objProxyPath&gt;&lt;/objPaths&gt;&lt;/mos&gt;]&lt;a href="https://asset.kgnewsroom.com/photo/pre/2019/05/10/a2e867ab-440d-43ce-94d4-2411791f5361_jpg.jpg"&gt;foto anu&lt;/a&gt;)        ~C13~~C10~ 


https://asset.kgnewsroom.com/photo/pre/2019/05/10/a2e867ab-440d-43ce-94d4-2411791f5361_jpg.jpg
       ~C13~~C10~    (( LEAD IN ))~C13~~C10~    PANGKALAN TNI ANGKATAN LAUT KOTA BALIKPAPAN KALIMANTAN TIMUR/ MENGGELAR BUKA PUASA BERSAMA DENGAN ANAK YATIM PIATU/ PADA JUMAT SORE// DI SELA SELA KEGIATAN BUKA PUASA BERSAMA/ PENINGKATAN PENGAMANAN JALUR LAUT JELANG ARUS MUDIK LEBARAN JUGA DITINGKATKAN// ~C13~~C10~    ((PKG))~C13~~C10~    PERSONIL PANGKALAN TNI ANGKATAN LAUT ATAU LANAL BALIKPAPAN MENGGELAR BUKA PUASA BERSAMA/ PADA JUMAT SORE DI MAKO LANAL// SELAIN DIHADIRI WALIKOTA SERTA WAKIL WALIKOTA BALIKPAPAN/ DAN UNSUR FORUM KOMUNIKASI PIMPINAN DAERAH/ BUKA PUASA INI JUGA MENGUNDANG ANAK YATIM PIATU//  ~C13~~C10~    KEGIATAN BUKA PUASA BERSAMA INI JUGA TURUT MENGUNDANG USTADZ KASIF HEER DARI JAKARTA/ UNTUK MEMBERIKAN TAUZIAH/ TERKAIT BERBAGI REJEKI KEPADA SESAMA DI BULAN RAMADAN// ~C13~~C10~    ANAK YATIM PIATU JUGA MENDAPATKAN BINGKISAN SERTA SANTUNAN/ AGAR BISA DIGUNAKAN UNTUK MEMENUHI KEBUTUHAN DI BULAN RAMADAN DAN HARI RAYA IDUL FITRI//~C13~~C10~    SB : KOLONEL LAUT ( P ) WAHYU CAHYONO / DANLANAL BALIKPAPAN ~C13~~C10~    DI SELA SELA KEGIATAN BUKA BERSAMA/ LANAL BALIKPAPAN JUGA MENINGKATKAN INTENSITAS PENGAMANAN WILAYAH LAUT DI PERAIRAN TELUK BALIKPAPAN/ KHUSUSNYA UNTUK MENGHADAPI ARUS MUDIK LEBARAN/ BEKERJASAMA DENGAN INSTANSI LAIN YANG TERLIBAT// ~C13~~C10~    ISKANDAR AMIR DAHLAN/ KOMPAS TV BALIKPAPAN/ KALIMANTAN TIMUR///~C13~~C10~        ~C13~~C10~ ~C13~~C10~  ~C13~~C10~~C13~~C10~2019-05-12T07:26:03+07:00~C13~~C10~
</ENPSText>
	<ENPSObjectProperties>
		<Owner>INR</Owner>
		<Type>1</Type>
		<AnchorTime>20190512002603</AnchorTime>
		<Expires>20190519002603</Expires>
		<ModTime>20190512002603</ModTime>
		<Category>511</Category>
		<Priority>0</Priority>
		<StoryNumber>5183</StoryNumber>
		<OutCue>               2019-05-12T07:26:03+07:00 </OutCue>
		<GUID>6AEBDE29-039E-4B5D-B24033399035D684</GUID>
		<Version>1</Version>
		<Status>3</Status>
		<Language>0</Language>
		<ModBy>INR</ModBy>
		<OriginalPriority>q</OriginalPriority>
		<AgencyCode>o</AgencyCode>
		<SID>-----</SID>
		<pubApproved>0</pubApproved>
	</ENPSObjectProperties>
</ENPSObject>
